"Emanuelly Santos","emanuelly.santos.2751@stresstest.com","#2F3lq8f"
"Ana Teixeira","ana.teixeira.5801@stresstest.com","@+1sCIRn"
"Igor da Cunha","igor.da.cunha.5764@stresstest.com","!N6U5cV)"
"Thales Freitas","thales.freitas.1440@stresstest.com","+9C7vXrt"
"Sophia Mendes","sophia.mendes.2362@stresstest.com","&Gv9MTPm"
"Antônio Oliveira","antonio.oliveira.9782@stresstest.com","&&7B5ekb"
"Gustavo Henrique Vieira","gustavo.henrique.vieira.4365@stresstest.com","#v6#lS*h"
"Ian da Rosa","ian.da.rosa.9874@stresstest.com","FJ)31RxJ"
"Mariana da Cruz","mariana.da.cruz.7315@stresstest.com","&)dv1rUv"
"Kamilly Barbosa","kamilly.barbosa.7152@stresstest.com","V4&4DbKF"
"Theo Lopes","theo.lopes.5610@stresstest.com","d#o3DDae"
"Henrique Moura","henrique.moura.2260@stresstest.com","p2$6TfUj"
"Rafaela Pinto","rafaela.pinto.3598@stresstest.com","#6%MUN4r"
"Lavínia Rezende","lavinia.rezende.1313@stresstest.com","H+39GwMq"
"Isabella Rodrigues","isabella.rodrigues.8283@stresstest.com","^2iR*Tv8"
"Ana Sophia Rezende","ana.sophia.rezende.8119@stresstest.com","M+3E&!Ac"
"Nicole Farias","nicole.farias.7672@stresstest.com","_2*RJdp7"
"Ryan Teixeira","ryan.teixeira.4565@stresstest.com","RDC#4CTc"
"Lucca Correia","lucca.correia.7843@stresstest.com","#vx5Jyk5"
"Isabelly Dias","isabelly.dias.3624@stresstest.com","@I4_qqKc"
"Maria Julia Costa","maria.julia.costa.1410@stresstest.com","!5+ZM2rr"
"Alexandre Almeida","alexandre.almeida.6935@stresstest.com","^u#0O#wc"
"Stephany da Cruz","stephany.da.cruz.4002@stresstest.com","@3Mkdp$E"
"Camila Viana","camila.viana.9964@stresstest.com","@6yWwewC"
"Rebeca Mendes","rebeca.mendes.7105@stresstest.com","!!x$2Tnr"
"Beatriz da Mata","beatriz.da.mata.475@stresstest.com","4%wJ1Nys"
"Emanuel Jesus","emanuel.jesus.566@stresstest.com","$7_Cl34^"
"Brenda Nogueira","brenda.nogueira.9789@stresstest.com","&4Qcxzv%"
"Gabriela Castro","gabriela.castro.6551@stresstest.com","@+2(kDqg"
"Juan Pires","juan.pires.340@stresstest.com","w#48e%Mx"
"Fernando Carvalho","fernando.carvalho.1128@stresstest.com","!@7BIv9M"
"Luiz Gustavo Correia","luiz.gustavo.correia.1100@stresstest.com","&Ew*9Uhr"
"Lucas Gabriel Ferreira","lucas.gabriel.ferreira.2925@stresstest.com","wH#8HacJ"
"Danilo da Rosa","danilo.da.rosa.4976@stresstest.com","T#U6BBWv"
"Joana Jesus","joana.jesus.9009@stresstest.com","*1$2^lEn"
"Larissa da Paz","larissa.da.paz.549@stresstest.com","#8tQ_N2p"
"Pedro Miguel Costa","pedro.miguel.costa.5145@stresstest.com","W(8FDaDl"
"Carolina da Rocha","carolina.da.rocha.5134@stresstest.com","ob)uE5Sz"
"Alícia Santos","alicia.santos.2485@stresstest.com","(d78HOtj"
"Valentina Correia","valentina.correia.8443@stresstest.com","@0^2dU5j"
"Yuri Cardoso","yuri.cardoso.1370@stresstest.com","ap@4(Y_d"
"Maria Gonçalves","maria.goncalves.5317@stresstest.com","#b0i@9Ze"
"Ana Júlia Rezende","ana.julia.rezende.7055@stresstest.com","%00ljKPe"
"Maria Cecília Ferreira","maria.cecilia.ferreira.515@stresstest.com","vl!2vYoP"
"Sophie da Mota","sophie.da.mota.4821@stresstest.com","_)n11eZt"
"Pedro Porto","pedro.porto.6311@stresstest.com","!uYc45Rd"
"Joaquim da Mata","joaquim.da.mata.7914@stresstest.com","h&!4Vxc8"
"Theo Farias","theo.farias.7169@stresstest.com","+3DpMdlr"
"Yuri Peixoto","yuri.peixoto.2727@stresstest.com","#D)37QGa"
"Brenda Duarte","brenda.duarte.6356@stresstest.com","%#1Bpstd"
"Thomas Martins","thomas.martins.876@stresstest.com","_#1HRiC5"
"Sofia da Mota","sofia.da.mota.1857@stresstest.com","(2nh#Ii("
"Gustavo Gonçalves","gustavo.goncalves.177@stresstest.com","*4FEJBwk"
"Caio Fernandes","caio.fernandes.7417@stresstest.com","^64mYaWG"
"Julia Rocha","julia.rocha.9292@stresstest.com","#+7(#Fn2"
"Juan Rodrigues","juan.rodrigues.1331@stresstest.com","Q9@2U4fV"
"Rafael Alves","rafael.alves.2848@stresstest.com","U&HB6PRy"
"Luiz Henrique Castro","luiz.henrique.castro.5808@stresstest.com","(VA296Yz"
"Davi Lucas Moura","davi.lucas.moura.6287@stresstest.com","%MJ8E#Sn"
"Valentina Moraes","valentina.moraes.3059@stresstest.com","&(0JUjjP"
"Davi Lucca Cunha","davi.lucca.cunha.2075@stresstest.com","!!c5KAwq"
"Pedro Ramos","pedro.ramos.535@stresstest.com","*6lXPOhM"
"Heloísa Viana","heloisa.viana.3661@stresstest.com","N#2q$ZkC"
"Daniela Castro","daniela.castro.8001@stresstest.com",")5V$88m+"
"João Vitor Fernandes","joao.vitor.fernandes.9081@stresstest.com","G(1f+Dh9"
"Luiz Fernando Ferreira","luiz.fernando.ferreira.5297@stresstest.com","!scx5hSq"
"Miguel Monteiro","miguel.monteiro.73@stresstest.com","^*b0YGql"
"Luiza Dias","luiza.dias.6762@stresstest.com","7^5S9%wh"
"Cauã Teixeira","caua.teixeira.2807@stresstest.com","$!9eCnOq"
"Vitor Hugo Teixeira","vitor.hugo.teixeira.9957@stresstest.com",")1Rt0IvR"
"Nina Costela","nina.costela.1446@stresstest.com","9@7LUu+t"
"Vicente Ferreira","vicente.ferreira.6646@stresstest.com","vcl_8fKu"
"João Melo","joao.melo.5445@stresstest.com","m%5eRf(v"
"Levi Rezende","levi.rezende.712@stresstest.com",")1Hm2rYb"
"Thiago Fernandes","thiago.fernandes.7312@stresstest.com","!71OOnq9"
"Nicole Rocha","nicole.rocha.8261@stresstest.com","&(V8xeLq"
"Luana Monteiro","luana.monteiro.3438@stresstest.com",")4Z3UATs"
"Juan Vieira","juan.vieira.1716@stresstest.com","(%9Iswd)"
"Sofia Pires","sofia.pires.6472@stresstest.com","PW)T3_Xv"
"Júlia Freitas","julia.freitas.2515@stresstest.com","!7LCVvwE"
"Nathan Barbosa","nathan.barbosa.3838@stresstest.com","(HQ7QFXk"
"Maria Alice Almeida","maria.alice.almeida.4400@stresstest.com","h(6Stn$n"
"Carolina da Cunha","carolina.da.cunha.2486@stresstest.com","+o7lNG!c"
"Breno Moura","breno.moura.4636@stresstest.com",")FC3KvyH"
"Emanuelly Pinto","emanuelly.pinto.5923@stresstest.com","7*42)Efc"
"Mirella Jesus","mirella.jesus.1580@stresstest.com","+Q59Of6j"
"Maria Julia Pinto","maria.julia.pinto.3870@stresstest.com","_u5NAUo("
"Benjamin Melo","benjamin.melo.8468@stresstest.com","t*6WPi6Z"
"Júlia Alves","julia.alves.6894@stresstest.com","^4ZyZjsD"
"Bryan Moreira","bryan.moreira.3104@stresstest.com","N)2CXUWj"
"Noah Nunes","noah.nunes.6637@stresstest.com","c&3NuqrW"
"Leandro Viana","leandro.viana.3245@stresstest.com","O#o7LkDq"
"Heitor Fernandes","heitor.fernandes.5924@stresstest.com","J$0w5CQu"
"Raquel Novaes","raquel.novaes.7120@stresstest.com","*4ZRpRwi"
"Maitê Pires","maite.pires.7971@stresstest.com","@0VYF+s5"
"Vicente da Rosa","vicente.da.rosa.5597@stresstest.com","H+@5ntQb"
"Diogo Martins","diogo.martins.3707@stresstest.com","(3zwHPuv"
"Ana Clara Rocha","ana.clara.rocha.5483@stresstest.com","+dfy6FHo"
"Bruno Oliveira","bruno.oliveira.9742@stresstest.com","+m4QZcZp"
"Emanuelly Jesus","emanuelly.jesus.38@stresstest.com","D%9TxjRk""Emanuelly Santos","emanuelly.santos.2751@stresstest.com","#2F3lq8f"
"Ana Teixeira","ana.teixeira.5801@stresstest.com","@+1sCIRn"
"Igor da Cunha","igor.da.cunha.5764@stresstest.com","!N6U5cV)"
"Thales Freitas","thales.freitas.1440@stresstest.com","+9C7vXrt"
"Sophia Mendes","sophia.mendes.2362@stresstest.com","&Gv9MTPm"
"Antônio Oliveira","antonio.oliveira.9782@stresstest.com","&&7B5ekb"
"Gustavo Henrique Vieira","gustavo.henrique.vieira.4365@stresstest.com","#v6#lS*h"
"Ian da Rosa","ian.da.rosa.9874@stresstest.com","FJ)31RxJ"
"Mariana da Cruz","mariana.da.cruz.7315@stresstest.com","&)dv1rUv"
"Kamilly Barbosa","kamilly.barbosa.7152@stresstest.com","V4&4DbKF"
"Theo Lopes","theo.lopes.5610@stresstest.com","d#o3DDae"
"Henrique Moura","henrique.moura.2260@stresstest.com","p2$6TfUj"
"Rafaela Pinto","rafaela.pinto.3598@stresstest.com","#6%MUN4r"
"Lavínia Rezende","lavinia.rezende.1313@stresstest.com","H+39GwMq"
"Isabella Rodrigues","isabella.rodrigues.8283@stresstest.com","^2iR*Tv8"
"Ana Sophia Rezende","ana.sophia.rezende.8119@stresstest.com","M+3E&!Ac"
"Nicole Farias","nicole.farias.7672@stresstest.com","_2*RJdp7"
"Ryan Teixeira","ryan.teixeira.4565@stresstest.com","RDC#4CTc"
"Lucca Correia","lucca.correia.7843@stresstest.com","#vx5Jyk5"
"Isabelly Dias","isabelly.dias.3624@stresstest.com","@I4_qqKc"
"Maria Julia Costa","maria.julia.costa.1410@stresstest.com","!5+ZM2rr"
"Alexandre Almeida","alexandre.almeida.6935@stresstest.com","^u#0O#wc"
"Stephany da Cruz","stephany.da.cruz.4002@stresstest.com","@3Mkdp$E"
"Camila Viana","camila.viana.9964@stresstest.com","@6yWwewC"
"Rebeca Mendes","rebeca.mendes.7105@stresstest.com","!!x$2Tnr"
"Beatriz da Mata","beatriz.da.mata.475@stresstest.com","4%wJ1Nys"
"Emanuel Jesus","emanuel.jesus.566@stresstest.com","$7_Cl34^"
"Brenda Nogueira","brenda.nogueira.9789@stresstest.com","&4Qcxzv%"
"Gabriela Castro","gabriela.castro.6551@stresstest.com","@+2(kDqg"
"Juan Pires","juan.pires.340@stresstest.com","w#48e%Mx"
"Fernando Carvalho","fernando.carvalho.1128@stresstest.com","!@7BIv9M"
"Luiz Gustavo Correia","luiz.gustavo.correia.1100@stresstest.com","&Ew*9Uhr"
"Lucas Gabriel Ferreira","lucas.gabriel.ferreira.2925@stresstest.com","wH#8HacJ"
"Danilo da Rosa","danilo.da.rosa.4976@stresstest.com","T#U6BBWv"
"Joana Jesus","joana.jesus.9009@stresstest.com","*1$2^lEn"
"Larissa da Paz","larissa.da.paz.549@stresstest.com","#8tQ_N2p"
"Pedro Miguel Costa","pedro.miguel.costa.5145@stresstest.com","W(8FDaDl"
"Carolina da Rocha","carolina.da.rocha.5134@stresstest.com","ob)uE5Sz"
"Alícia Santos","alicia.santos.2485@stresstest.com","(d78HOtj"
"Valentina Correia","valentina.correia.8443@stresstest.com","@0^2dU5j"
"Yuri Cardoso","yuri.cardoso.1370@stresstest.com","ap@4(Y_d"
"Maria Gonçalves","maria.goncalves.5317@stresstest.com","#b0i@9Ze"
"Ana Júlia Rezende","ana.julia.rezende.7055@stresstest.com","%00ljKPe"
"Maria Cecília Ferreira","maria.cecilia.ferreira.515@stresstest.com","vl!2vYoP"
"Sophie da Mota","sophie.da.mota.4821@stresstest.com","_)n11eZt"
"Pedro Porto","pedro.porto.6311@stresstest.com","!uYc45Rd"
"Joaquim da Mata","joaquim.da.mata.7914@stresstest.com","h&!4Vxc8"
"Theo Farias","theo.farias.7169@stresstest.com","+3DpMdlr"
"Yuri Peixoto","yuri.peixoto.2727@stresstest.com","#D)37QGa"
"Brenda Duarte","brenda.duarte.6356@stresstest.com","%#1Bpstd"
"Thomas Martins","thomas.martins.876@stresstest.com","_#1HRiC5"
"Sofia da Mota","sofia.da.mota.1857@stresstest.com","(2nh#Ii("
"Gustavo Gonçalves","gustavo.goncalves.177@stresstest.com","*4FEJBwk"
"Caio Fernandes","caio.fernandes.7417@stresstest.com","^64mYaWG"
"Julia Rocha","julia.rocha.9292@stresstest.com","#+7(#Fn2"
"Juan Rodrigues","juan.rodrigues.1331@stresstest.com","Q9@2U4fV"
"Rafael Alves","rafael.alves.2848@stresstest.com","U&HB6PRy"
"Luiz Henrique Castro","luiz.henrique.castro.5808@stresstest.com","(VA296Yz"
"Davi Lucas Moura","davi.lucas.moura.6287@stresstest.com","%MJ8E#Sn"
"Valentina Moraes","valentina.moraes.3059@stresstest.com","&(0JUjjP"
"Davi Lucca Cunha","davi.lucca.cunha.2075@stresstest.com","!!c5KAwq"
"Pedro Ramos","pedro.ramos.535@stresstest.com","*6lXPOhM"
"Heloísa Viana","heloisa.viana.3661@stresstest.com","N#2q$ZkC"
"Daniela Castro","daniela.castro.8001@stresstest.com",")5V$88m+"
"João Vitor Fernandes","joao.vitor.fernandes.9081@stresstest.com","G(1f+Dh9"
"Luiz Fernando Ferreira","luiz.fernando.ferreira.5297@stresstest.com","!scx5hSq"
"Miguel Monteiro","miguel.monteiro.73@stresstest.com","^*b0YGql"
"Luiza Dias","luiza.dias.6762@stresstest.com","7^5S9%wh"
"Cauã Teixeira","caua.teixeira.2807@stresstest.com","$!9eCnOq"
"Vitor Hugo Teixeira","vitor.hugo.teixeira.9957@stresstest.com",")1Rt0IvR"
"Nina Costela","nina.costela.1446@stresstest.com","9@7LUu+t"
"Vicente Ferreira","vicente.ferreira.6646@stresstest.com","vcl_8fKu"
"João Melo","joao.melo.5445@stresstest.com","m%5eRf(v"
"Levi Rezende","levi.rezende.712@stresstest.com",")1Hm2rYb"
"Thiago Fernandes","thiago.fernandes.7312@stresstest.com","!71OOnq9"
"Nicole Rocha","nicole.rocha.8261@stresstest.com","&(V8xeLq"
"Luana Monteiro","luana.monteiro.3438@stresstest.com",")4Z3UATs"
"Juan Vieira","juan.vieira.1716@stresstest.com","(%9Iswd)"
"Sofia Pires","sofia.pires.6472@stresstest.com","PW)T3_Xv"
"Júlia Freitas","julia.freitas.2515@stresstest.com","!7LCVvwE"
"Nathan Barbosa","nathan.barbosa.3838@stresstest.com","(HQ7QFXk"
"Maria Alice Almeida","maria.alice.almeida.4400@stresstest.com","h(6Stn$n"
"Carolina da Cunha","carolina.da.cunha.2486@stresstest.com","+o7lNG!c"
"Breno Moura","breno.moura.4636@stresstest.com",")FC3KvyH"
"Emanuelly Pinto","emanuelly.pinto.5923@stresstest.com","7*42)Efc"
"Mirella Jesus","mirella.jesus.1580@stresstest.com","+Q59Of6j"
"Maria Julia Pinto","maria.julia.pinto.3870@stresstest.com","_u5NAUo("
"Benjamin Melo","benjamin.melo.8468@stresstest.com","t*6WPi6Z"
"Júlia Alves","julia.alves.6894@stresstest.com","^4ZyZjsD"
"Bryan Moreira","bryan.moreira.3104@stresstest.com","N)2CXUWj"
"Noah Nunes","noah.nunes.6637@stresstest.com","c&3NuqrW"
"Leandro Viana","leandro.viana.3245@stresstest.com","O#o7LkDq"
"Heitor Fernandes","heitor.fernandes.5924@stresstest.com","J$0w5CQu"
"Raquel Novaes","raquel.novaes.7120@stresstest.com","*4ZRpRwi"
"Maitê Pires","maite.pires.7971@stresstest.com","@0VYF+s5"
"Vicente da Rosa","vicente.da.rosa.5597@stresstest.com","H+@5ntQb"
"Diogo Martins","diogo.martins.3707@stresstest.com","(3zwHPuv"
"Ana Clara Rocha","ana.clara.rocha.5483@stresstest.com","+dfy6FHo"
"Bruno Oliveira","bruno.oliveira.9742@stresstest.com","+m4QZcZp"
"Emanuelly Jesus","emanuelly.jesus.38@stresstest.com","D%9TxjRk"